Store URL,Promo Code,Rewritten Description (Genimi),Original Description,Date Found
https://dealspotr.com/promo-codes/oursparechange.com,Up to 20% Off Select Products. Only New Customers. at Oursparechange.com,"Ось декілька варіантів перефразованого опису промокоду, які звучать привабливіше:

**Варіант 1 (акцент на вигоду):**

> **Нові клієнти, ловіть шанс!** Знижка до 20% на обрані товари на Oursparechange.com. Не пропустіть свою вигоду!

**Варіант 2 (акцент на терміновість):**

> **Тільки для новачків!** Економте до 20% на улюблених продуктах на Oursparechange.com. Пропозиція діє обмежений час!

**Варіант 3 (більш лаконічний та привабливий):**

> **Спеціальна пропозиція для нових клієнтів Oursparechange.com!** Отримайте знижку до 20% на вибіркові товари.

**Варіант 4 (більш емоційний):**

> **Приєднуйтесь до Oursparechange.com та насолоджуйтесь знижкою!** Нові клієнти отримують до 20% знижки на улюблені товари.

**Чому ці варіанти кращі?**

*   **Акцент на вигоді:** Замість сухого переліку фактів, описи підкреслюють, що користувач отримає.
*   **Емоційна мова:** Використання слів, як ""ловіть шанс"", ""не пропустіть"", ""улюблені"" робить опис більш привабливим.
*   **Чіткість:** Описи зрозумілі та лаконічні.
*   **Акцент на унікальності:** Підкреслюється, що пропозиція тільки для нових клієнтів.

Вибір найкращого варіанту залежить від контексту та цільової аудиторії.",Up to 20% Off Select Products. Only New Customers. at Oursparechange.com,2025-04-13
https://dealspotr.com/promo-codes/dailylook.com,Free Hat on Your First Styling Fee at Dailylook.com,"Ось декілька варіантів переписування опису промокоду, з покращеним стилем, залежно від цілі:

**Варіант 1 (Чіткий і привабливий):**

> Отримайте **безкоштовну шапку** при першій оплаті послуг стиліста на Dailylook.com! Не пропустіть шанс оновити свій гардероб зі смаком та отримати стильний подарунок.

**Варіант 2 (Більш грайливий і спокусливий):**

> Зробіть свій перший крок до ідеального стилю з Dailylook.com і отримайте в подарунок **круту шапку!** Безкоштовний аксесуар для вашого нового образу.

**Варіант 3 (Підкреслює цінність):**

> Dailylook.com дарує **безкоштовну шапку** за вашу першу консультацію стиліста!  Отримайте індивідуальні рекомендації та стильний аксесуар, щоб підкреслити свій унікальний образ.

**Варіант 4 (Більш формальний, але приємний):**

> Спеціальна пропозиція від Dailylook.com: **безкоштовна шапка** в подарунок при оплаті першої послуги стиліста. Відкрийте для себе світ персоналізованого стилю та отримайте приємний бонус!

**Чому ці варіанти кращі:**

*   **Яскравіше формулювання:** Замість простого ""Free Hat"" використовуються слова, що привертають увагу (""круту шапку"", ""стильний подарунок"").
*   **Акцент на вигоді:** Підкреслюється не просто безкоштовна річ, а цінність послуги стиліста і її вплив на образ.
*   **Персоналізація:** Звернення до ""вашого образу"", ""вашого гардеробу"" робить пропозицію більш особистою.
*   **Дія:** Заохочення до дії, як ""Не пропустіть шанс!"" чи ""Зробіть перший крок"".

Пам'ятайте, що вибір найкращого варіанту залежить від цільової аудиторії та загального тону бренду.",Free Hat on Your First Styling Fee at Dailylook.com,2025-04-13
https://dealspotr.com/promo-codes/goodr.com,Get $5 Off (Sitewide) at Goodr,"Ось кілька варіантів перепису опису промокоду, кожен з яких робить акцент на різних аспектах:

**Варіант 1 (Короткий та чіткий):**

*   Заощаджуйте $5 на будь-який товар в Goodr!

**Варіант 2 (Трохи більш інформативний):**

*   Знижка $5 на ВСЕ в Goodr! Не пропустіть!

**Варіант 3 (Акцент на економію):**

*   Економте $5 на ваших улюблених окулярах Goodr (на все!)

**Варіант 4 (Більш спонукальний):**

*   Отримайте $5 знижки на свої наступні окуляри Goodr! (Діє на весь асортимент).

**Варіант 5 (Якщо хочете додати нотку гумору, в стилі Goodr):**

*   Get your goodr on for $5 less! (Sitewide deal!)

**Який варіант найкращий, залежить від контексту та вашої цільової аудиторії.**",Get $5 Off (Sitewide) at Goodr,2025-04-13
https://dealspotr.com/promo-codes/billieeilish-merch.com,Up To 6% Off $49 or More (Site-wide). Exclusions: Vpn.,"Ось декілька варіантів переписаного опису промокоду, з різним акцентом на деталі:

**Варіант 1 (Короткий та привабливий):**

Знижка до 6% на все! Замовте на суму від $49 та заощаджуйте. (Виняток: VPN)

**Варіант 2 (Більш інформативний):**

Отримайте до 6% знижки на будь-яке замовлення від $49! Чудова можливість заощадити на улюблених товарах. (Знижка не діє на VPN)

**Варіант 3 (Акцент на вигоду):**

Економте до 6% на вашій покупці! Замовте на суму від $49 та користуйтеся знижкою. (Зверніть увагу: знижка не поширюється на VPN)

**Варіант 4 (З використанням емоцій):**

Не пропустіть шанс заощадити! Знижка до 6% на все, при замовленні від $49. (VPN виключено)

**Чому ці варіанти кращі:**

*   **Використовують більш зрозумілу мову:** Замість сухого ""Up To 6% Off"" використано фрази, що заохочують дію, наприклад ""Отримайте до 6% знижки"" або ""Економте до 6%"".
*   **Більш привабливі:** Додають емоційний тон та підкреслюють вигоду для покупця.
*   **Покращена читабельність:**  Формулювання простіше для сприйняття.
*   **Більше варіацій:** Можна вибрати найбільш підходящий тон для вашого бренду.

Обирайте варіант, який найкраще відповідає вашому маркетинговому стилю та цільовій аудиторії!",Up To 6% Off $49 or More (Site-wide). Exclusions: Vpn.,2025-04-13
https://dealspotr.com/promo-codes/jamesallen.com,Get an Extra 30% Off Wedding Rings at Jamesallen.com,"Ось кілька варіантів перефразованого опису промокоду з покращеним стилем:

**Варіант 1 (більш емоційний):**

> Зробіть ваш день особливим з додатковою знижкою 30% на обручки від James Allen! Знайдіть ідеальну пару та заощаджуйте.

**Варіант 2 (більш прямолінійний, але стильний):**

> Обручки вашої мрії чекають! Отримайте знижку 30% на всі обручки на Jamesallen.com.

**Варіант 3 (підкреслює цінність):**

> Економія до 30% на чудових обручках від James Allen! Зробіть цей важливий крок ще більш приємним.

**Варіант 4 (з акцентом на унікальність):**

> Унікальні обручки для унікального кохання! Отримайте 30% знижку на Jamesallen.com.

**Варіант 5 (короткий і привабливий):**

> 30% знижка на обручки James Allen! Час сказати ""так""!

Виберіть варіант, який найкраще відповідає вашому бренду та цільовій аудиторії. Важливо, щоб опис був лаконічним, привабливим і передавав суть пропозиції.",Get an Extra 30% Off Wedding Rings at Jamesallen.com,2025-04-13
https://dealspotr.com/promo-codes/aerin.com,Save 10% Off Navona Small Wicker Vase. Exclusions: No Valid on Sale Items.,"Ось декілька варіантів переписаного опису промокоду, кожен з різним акцентом:

**Варіант 1 (Чіткий і стислий):**

> Заощаджуйте 10% на малій плетеній вазі Navona! *Не діє на товари зі знижкою.*

**Варіант 2 (З акцентом на вигоді):**

> Отримайте 10% знижку на чудову малу плетену вазу Navona!  *Знижка не розповсюджується на акційні товари.*

**Варіант 3 (Трохи більш елегантний):**

> Насолоджуйтеся 10% знижкою на елегантну малу плетену вазу Navona. *Пропозиція не поширюється на товари, що продаються зі знижкою.*

**Варіант 4 (З ноткою терміновості):**

> Не пропустіть! Збережіть 10% на малій плетеній вазі Navona! *Обмеження: Не діє на розпродажні товари.*

**Ключові зміни:**

*   **Заміна ""Save"" на ""Заощаджуйте"", ""Отримайте"" або ""Насолоджуйтеся"":** Звучить більш привабливо.
*   **Використання більш описових слів:** ""Чудову"", ""елегантну"" може додати вазі привабливості.
*   **Заміна ""Exclusions"" на більш зрозумілі фрази:** ""Не діє на товари зі знижкою"", ""Знижка не розповсюджується на акційні товари"", ""Пропозиція не поширюється"", ""Обмеження"".
*   **Розташування виключень окремо:**  Використання *зірочки* допомагає виділити обмеження, не роблячи їх головною частиною повідомлення.
*   **Додавання знаку оклику:** Додає трохи енергії, але важливо не переборщити.

Виберіть варіант, який найкраще відповідає вашому бренду та стилю!",Save 10% Off Navona Small Wicker Vase. Exclusions: No Valid on Sale Items.,2025-04-13
https://dealspotr.com/promo-codes/harlembling.com,25% Off (Sitewide) at Harlem Bling,"Ось декілька варіантів перефразованого опису промокоду, які звучать більш привабливо:

**Варіант 1 (простий і чіткий):**

* **Економте 25% на всій продукції Harlem Bling!**

**Варіант 2 (підкреслює вигоду):**

* **Отримайте знижку 25% на абсолютно ВСЕ на сайті Harlem Bling!**

**Варіант 3 (з акцентом на терміновість):**

* **Не пропустіть! Знижка 25% на всі товари Harlem Bling протягом обмеженого часу!**

**Варіант 4 (більш розмовний):**

* **Шопінг в Harlem Bling став ще вигіднішим! Отримайте 25% знижки на все, що вам сподобається!**

**Варіант 5 (з використанням бренду, якщо доречно):**

* **Оновіть свою колекцію з Harlem Bling! Знижка 25% на всі стильні прикраси!**

**Чому ці варіанти кращі:**

* **Більш активні дієслова:** Замість пасивного ""25% Off"" використовуються активні дієслова, такі як ""Економте"", ""Отримайте"", ""Не пропустіть"".
* **Більш приваблива лексика:** Замість простого ""Sitewide"" використовуються слова, які підкреслюють вигоду, наприклад, ""все"", ""абсолютно все"", ""всі товари"".
* **Можливість додати відчуття терміновості:**  Додавання фрази ""протягом обмеженого часу"" спонукає до дії.
* **Адаптація до бренду:** Можливість згадати конкретний вид продукції (наприклад, ""стильні прикраси"") робить опис більш релевантним.

Виберіть варіант, який найкраще відповідає вашій цільовій аудиторії та маркетинговій стратегії.",25% Off (Sitewide) at Harlem Bling,2025-04-13
https://dealspotr.com/promo-codes/thetiebar.com,Save 10% Off (Sitewide) at Thetiebar.com,"Ось декілька варіантів перефразовування опису промокоду, з різним стилем:

**Варіант 1 (Простий та лаконічний):**

*   **Заощаджуйте 10% на все від Thetiebar.com!**

**Варіант 2 (Акцент на вигоді):**

*   **Отримайте 10% знижки на будь-який товар на Thetiebar.com!**

**Варіант 3 (Більш інформативний та заохочуючий):**

*   **Не пропустіть! Знижка 10% на весь асортимент Thetiebar.com. Почніть заощаджувати вже зараз!**

**Варіант 4 (Підкреслення легкості використання):**

*   **10% знижки на Thetiebar.com – застосовується до ВСЬОГО!**

**Варіант 5 (Більш вишуканий):**

*   **Відчуйте стиль та заощадьте! 10% знижки на кожну покупку на Thetiebar.com.**

Вибір оптимального варіанту залежить від контексту та місця, де буде розміщено цей опис. Наприклад, якщо це банер, то перший варіант буде кращим. Якщо це лист розсилки, то третій.",Save 10% Off (Sitewide) at Thetiebar.com,2025-04-13
https://dealspotr.com/promo-codes/oeufnyc.com,10% Off Orders $10+ Clothing. Members Only.,"Ось декілька варіантів, як можна переписати цей опис промокоду, зробивши його більш привабливим та зрозумілим:

**Варіант 1 (Короткий та акцентний):**

*   **Ексклюзивно для учасників!** Отримайте **10% знижки** на замовлення одягу від $10!

**Варіант 2 (Більш інформативний):**

*   **Тільки для наших учасників!** Насолоджуйтесь **знижкою 10%** на весь одяг при замовленні від $10. Введіть промокод при оформленні замовлення.

**Варіант 3 (Акцент на вигоді):**

*   **Економте 10% на стильному одязі!** Учасникам клубу надається ексклюзивна знижка на всі замовлення від $10.

**Варіант 4 (З використанням терміновості):**

*   **Не пропустіть!** Учасники клубу отримують **10% знижки** на одяг при замовленні від $10. Пропозиція діє обмежений час!

**Варіант 5 (Зі закликом до дії):**

*   **Приєднуйтесь та економте!** Учасникам клубу надається **10% знижки** на замовлення одягу від $10. Станьте учасником зараз, щоб скористатись перевагами!

**Всі ці варіанти враховують наступні аспекти:**

*   **Більш приваблива мова:** Замість сухого ""10% Off"" використовуються слова, які викликають більше позитивних емоцій (наприклад, ""знижка"", ""економте"").
*   **Акцент на ексклюзивності:** Підкреслюється, що пропозиція тільки для учасників.
*   **Ясність:** Інформація представлена більш чітко та зрозуміло.
*   **Можливий заклик до дії:** Заохочує користувачів скористатись пропозицією.
*   **Терміновість (опціонально):** Додавання фрази про обмежений час дії може спонукати до швидшої дії.

Обирайте варіант, який найкраще підходить для вашого бренду та цільової аудиторії.  Варто також додати сам промокод (наприклад, у вигляді коду ""MEMBER10"") після опису для більшої зручності.",10% Off Orders $10+ Clothing. Members Only.,2025-04-13
https://dealspotr.com/promo-codes/calzedonia.com-us,Get an Extra 15% Off (Site-wide) at Calzedonia,"Ось кілька варіантів переписаного опису промокоду, кожен з трохи різним акцентом:

**Варіант 1 (короткий та енергійний):**

*   Знижка 15% на ВСЕ в Calzedonia!

**Варіант 2 (більш детальний та привабливий):**

*   Отримайте додаткові 15% знижки на ВСІ товари в Calzedonia! Ідеальний час для оновлення гардеробу.

**Варіант 3 (акцент на терміновість):**

*   Не пропустіть! 15% знижки на ВСІ товари Calzedonia! Пропозиція діє обмежений час.

**Варіант 4 (більш розмовний стиль):**

*   Вау! Знижка 15% на ВСЕ, що є в Calzedonia! Від шкарпеток до купальників - все ваше!

**Чому ці варіанти кращі:**

*   **Сильніше слово ""ВСЕ"" (або ""ВСІ"")** - підкреслює, що знижка діє на весь асортимент.
*   **Більш емоційні слова (Вау!, Ідеальний час, Не пропустіть!)** - роблять опис більш привабливим.
*   **Чітка структура** - легше зрозуміти суть пропозиції.
*   **Можливе додавання терміновості** - якщо промокод діє обмежений час.

Виберіть той варіант, який найкраще підходить для вашої аудиторії та маркетингової стратегії.",Get an Extra 15% Off (Site-wide) at Calzedonia,2025-04-13
https://dealspotr.com/promo-codes/freckledpoppy.com,Extra 10% Off (Sitewide). Members Only.,"Ось декілька варіантів перефразування опису промокоду ""Extra 10% Off (Sitewide). Members Only."", з покращеним стилем, на вибір:

**Більш привабливі:**

* **Ексклюзивна пропозиція для учасників: Додаткові 10% знижки на все!** (Підкреслює ексклюзивність та вигоду)
* **Тільки для членів клубу! Отримайте додаткові 10% знижки на будь-який товар!** (Використовує слово ""клуб"" для відчуття приналежності)
* **Спеціальна пропозиція для вас! 10% знижки на весь асортимент (тільки для учасників).** (Більш персоналізовано)
* **Членство має переваги! Заощаджуйте додаткові 10% на всі ваші покупки.** (Акцентує на перевагах членства)

**Більш лаконічні:**

* **10% знижки на все! (Тільки для учасників).**
* **Учасникам: 10% знижки на весь асортимент.**
* **Ексклюзивна знижка: 10% на все для членів клубу.**

**При виборі варіанту враховуйте:**

* **Цільову аудиторію:** Який стиль краще резонує з вашими клієнтами?
* **Загальний тон вашого бренду:** Наскільки офіційним чи неформальним має бути опис?
* **Місце, де буде розміщено промокод:** Чи потрібна короткість, чи можна додати більше деталей?

Наприклад, для розсилки електронною поштою можна використовувати більш детальний опис, а для банера на сайті – більш лаконічний.",Extra 10% Off (Sitewide). Members Only.,2025-04-13
https://dealspotr.com/promo-codes/30agear.com,Save 20% Off Store-wide at 30A Gear,"Ось декілька варіантів, як можна переписати опис промокоду ""Save 20% Off Store-wide at 30A Gear"" з кращим стилем, в залежності від бажаного тону та акценту:

**Варіант 1 (Простий та зрозумілий):**

> Отримайте знижку 20% на будь-який товар в 30A Gear!

**Варіант 2 (Більш емоційний та привабливий):**

> Не пропустіть! Знижка 20% на все у 30A Gear. Оновіть свій гардероб вже зараз!

**Варіант 3 (З акцентом на обмежений час):**

> Ловіть момент! Знижка 20% на весь асортимент 30A Gear! Акція діє обмежений час.

**Варіант 4 (З питанням та відповіддю):**

> Хочете оновити гардероб зі знижкою? Отримайте 20% знижки на всі товари у 30A Gear!

**Варіант 5 (Більш детальний):**

> Економте 20% на всіх покупках в 30A Gear. Купуйте одяг, аксесуари та багато іншого з вигідною знижкою!

**Чому ці варіанти кращі?**

*   **Більш лаконічні та зрозумілі:** Уникають надмірного повторення слів (""Save"" та ""Off"").
*   **Використовують більш природну мову:** Замість дослівної трансляції, пропонують більш плавні та приємні для читання формулювання.
*   **Додають емоційність (в деяких варіантах):** Використання слів як ""Не пропустіть!"" або ""Ловіть момент!"" робить пропозицію більш привабливою.
*   **Підкреслюють вигоду:** Акцент на отриманні знижки, а не просто на її збереженні.

Виберіть варіант, який найкраще відповідає стилю вашого бренду та цільовій аудиторії. Не забудьте додати інформацію про термін дії промокоду, якщо він обмежений!",Save 20% Off Store-wide at 30A Gear,2025-04-13
https://dealspotr.com/promo-codes/thehoopgang.com,15% Off Orders $50+ (Site-wide),"Ось декілька варіантів, залежно від бажаного стилю:

**Варіант 1 (Енергійний та акцент на заощадженні):**

> Злови вигоду! Отримай **15% знижки** на будь-яке замовлення від $50! Діє на весь асортимент сайту!

**Варіант 2 (Простий та зрозумілий):**

> **15% знижки** на замовлення від $50! Діє на всі товари на сайті.

**Варіант 3 (З акцентом на вигоді та простоті):**

> **Заощаджуй 15%** на всьому сайті, при замовленні від $50!

**Варіант 4 (З елементами терміновості):**

> Не проґав шанс! **15% знижки** на замовлення від $50 на весь асортимент!

**Вибір залежить від контексту використання промокоду та цільової аудиторії.**",15% Off Orders $50+ (Site-wide),2025-04-13
https://dealspotr.com/promo-codes/bobiusa.com,20% Off (sitewide) at Bobiusa.com,"Ось кілька варіантів переписаного опису промокоду, в залежності від бажаного тону та акценту:

**Варіант 1 (Простий та чіткий):**

*   Знижка 20% на ВСІ товари на Bobiusa.com!

**Варіант 2 (З акцентом на вигоді):**

*   Не пропустіть! Економте 20% на ВСЮ покупку на Bobiusa.com.

**Варіант 3 (Більш привабливий):**

*   Відкрийте для себе чудові пропозиції на Bobiusa.com! Отримайте 20% знижки на все!

**Варіант 4 (Якщо є обмеження по часу, додаємо):**

*   Знижка 20% на все на Bobiusa.com! Поспішайте, пропозиція обмежена!

**Варіант 5 (Більш детальний, якщо це необхідно):**

*   Отримайте 20% знижки на будь-який товар на Bobiusa.com. Застосовується до всіх категорій!

**Чому ці варіанти кращі:**

*   **Використання активних дієслів:** (Отримайте, Економте, Відкрийте) робить опис більш привабливим.
*   **Підкреслення широти пропозиції:** ""На все"", ""ВСІ товари"", ""Будь-який товар"" дають зрозуміти, що це справді вигідна пропозиція.
*   **Використання знаку оклику:** Додає ентузіазму (але не зловживайте цим).
*   **Залежить від контексту:** Оберіть варіант, який найкраще підходить для вашого каналу комунікації (сайт, email, соціальні мережі).

Пам'ятайте, що ключовим є зробити опис привабливим та чітким для вашої цільової аудиторії.",20% Off (sitewide) at Bobiusa.com,2025-04-13
https://dealspotr.com/promo-codes/alicebow.com,Free Shipping on Store-wide at Alicebow.com,"Ось декілька варіантів переписаного опису промокоду, з різним акцентом:

**Варіант 1 (Простий та зрозумілий):**

* Безкоштовна доставка на всі товари в Alicebow.com!

**Варіант 2 (Більш привабливий):**

* Скористайтеся безкоштовною доставкою на ваше замовлення в Alicebow.com!

**Варіант 3 (З акцентом на обмеженість пропозиції):**

* Тільки зараз! Безкоштовна доставка на все замовлення в Alicebow.com. Не пропустіть!

**Варіант 4 (З використанням більш образної мови):**

* Побалуйте себе безкоштовною доставкою на всі чудові речі в Alicebow.com!

**Варіант 5 (Короткий і лаконічний):**

* Free Shipping в Alicebow.com!

**Порада:** Вибирайте варіант, який найкраще відповідає тону та стилю вашої маркетингової кампанії. Також, не забудьте вказати термін дії промокоду, якщо він обмежений.",Free Shipping on Store-wide at Alicebow.com,2025-04-13
https://dealspotr.com/promo-codes/allbirds.com,Get 15% Off Store-wide at Allbirds.com,"Ось декілька варіантів перефразування опису промокоду, кожен з яких має свій стиль:

**Варіант 1 (Чіткий та лаконічний):**

*   Заощаджуйте 15% на все в Allbirds.com!

**Варіант 2 (Більш привабливий):**

*   Отримайте 15% знижку на весь асортимент Allbirds! Не пропустіть вигідну пропозицію на Allbirds.com.

**Варіант 3 (Акцент на унікальність):**

*   Насолоджуйтесь комфортом Allbirds зі знижкою 15% на сайті Allbirds.com!

**Варіант 4 (Зі словом ""промокод""):**

*   Використайте промокод та отримайте 15% знижку на всі товари в Allbirds.com!

**Варіант 5 (Створення відчуття терміновості):**

*   Тільки зараз! 15% знижки на весь асортимент Allbirds.com! Не зволікайте!

**При виборі найкращого варіанту враховуйте:**

*   **Цільову аудиторію:** Для кого призначений цей промокод?
*   **Платформу:** Де буде розміщено цей опис? (Сайт, соцмережі, email)
*   **Загальний тон бренду Allbirds:** Який стиль комунікації використовує бренд?

Наприклад, для соціальних мереж може підійти більш привабливий варіант, а для електронної розсилки - чіткий та лаконічний.",Get 15% Off Store-wide at Allbirds.com,2025-04-13
https://dealspotr.com/promo-codes/shoestation.com,Get $10 Off $75+ Exclusions Apply (Min Order: Minimum Purchase: $75) at Shoestation.com,Gemini error,Get $10 Off $75+ Exclusions Apply (Min Order: Minimum Purchase: $75) at Shoestation.com,2025-04-13
https://dealspotr.com/promo-codes/hugoboss.com-us,Get 15% Off (Sitewide) at Hugoboss.com/us,Gemini error,Get 15% Off (Sitewide) at Hugoboss.com/us,2025-04-13
https://dealspotr.com/promo-codes/marinelayer.com,Save 25% Off (Site-wide),Gemini error,Save 25% Off (Site-wide),2025-04-13
https://dealspotr.com/promo-codes/asics.com-us-en-us,Extra 40% Off Select Trail Running Shoe Sale,Gemini error,Extra 40% Off Select Trail Running Shoe Sale,2025-04-13
https://dealspotr.com/promo-codes/brilliantearth.com,"Free Diamond Stud on $1,000 or More (Site-wide) at Brilliantearth.com",Gemini error,"Free Diamond Stud on $1,000 or More (Site-wide) at Brilliantearth.com",2025-04-13
https://dealspotr.com/promo-codes/usakilts.com,Get $20 Off $200+ Store-wide at Usakilts.com,Gemini error,Get $20 Off $200+ Store-wide at Usakilts.com,2025-04-13
https://dealspotr.com/promo-codes/suitsoutlets.com,Get $75 Off Store-wide at Suitsoutlets.com,Gemini error,Get $75 Off Store-wide at Suitsoutlets.com,2025-04-13
https://dealspotr.com/promo-codes/therealreal.com,Extra 20% Off Selected Products. Exclusions: Applies Exclusions.,Gemini error,Extra 20% Off Selected Products. Exclusions: Applies Exclusions.,2025-04-13
https://dealspotr.com/promo-codes/veja-store.com-en_us,Get an Extra 70% Off (site-wide) at Veja-store.com/en_us,Gemini error,Get an Extra 70% Off (site-wide) at Veja-store.com/en_us,2025-04-13
https://dealspotr.com/promo-codes/packershoes.com,Free Shipping on $200 or More Store-wide at Packershoes.com,Gemini error,Free Shipping on $200 or More Store-wide at Packershoes.com,2025-04-13
https://dealspotr.com/promo-codes/levi.com,Save 15% Off (Site-wide). Must Be Member.,Gemini error,Save 15% Off (Site-wide). Must Be Member.,2025-04-13
https://dealspotr.com/promo-codes/kytebaby.com,Get an Extra 15% Off Store-wide at Kytebaby.com,Gemini error,Get an Extra 15% Off Store-wide at Kytebaby.com,2025-04-13
https://dealspotr.com/promo-codes/vivaia.com,Get 10% Off (Sitewide). Exclusions: Vpn.,Gemini error,Get 10% Off (Sitewide). Exclusions: Vpn.,2025-04-13
https://dealspotr.com/promo-codes/lesgeorgettes.com,Up To 10% Off (Site-wide) at Lesgeorgettes.com,Gemini error,Up To 10% Off (Site-wide) at Lesgeorgettes.com,2025-04-13
https://dealspotr.com/promo-codes/amiparis.com,Save 10% Off Your First Order. Members Only.,Gemini error,Save 10% Off Your First Order. Members Only.,2025-04-13
https://dealspotr.com/promo-codes/moongor.com,Get an Extra 20% Off Store-wide (Must Purchase: 3 Items) at Moongor,Gemini error,Get an Extra 20% Off Store-wide (Must Purchase: 3 Items) at Moongor,2025-04-13
https://dealspotr.com/promo-codes/hm.com-en_us,Extra 15% Off Select Items. Exclusions: Only Valid on Pickup Order.,Gemini error,Extra 15% Off Select Items. Exclusions: Only Valid on Pickup Order.,2025-04-13
https://dealspotr.com/promo-codes/acacia.co,Get an Extra 25% Off Eligible Categories at Acacia,Gemini error,Get an Extra 25% Off Eligible Categories at Acacia,2025-04-13
https://dealspotr.com/promo-codes/bettydesigns.com,Up To 30% Off Sportswear at Bettydesigns.com,Gemini error,Up To 30% Off Sportswear at Bettydesigns.com,2025-04-13
https://dealspotr.com/promo-codes/dressedinlala.com,Up To 20% Off Select Products,Gemini error,Up To 20% Off Select Products,2025-04-13
https://dealspotr.com/promo-codes/gigiclozeau.com,Extra 10% Off Your Order,Gemini error,Extra 10% Off Your Order,2025-04-13
https://dealspotr.com/promo-codes/unboundmerino.com,Get 10% Off Store-wide at Unboundmerino.com,Gemini error,Get 10% Off Store-wide at Unboundmerino.com,2025-04-13
https://dealspotr.com/promo-codes/adoreme.com,Up To 30% Off Store-wide at Adore Me,Gemini error,Up To 30% Off Store-wide at Adore Me,2025-04-13
https://dealspotr.com/promo-codes/icing.com,Up To 20% Off (Sitewide),Gemini error,Up To 20% Off (Sitewide),2025-04-13
https://dealspotr.com/promo-codes/shopbop.com,30% Off (Sitewide) at Shopbop.com,Gemini error,30% Off (Sitewide) at Shopbop.com,2025-04-13
https://dealspotr.com/promo-codes/shop.lululemon.com,Saul Nash and Lululemon Collection on Saul Nash and Lululemon Collection at Shop.lululemon.com,Gemini error,Saul Nash and Lululemon Collection on Saul Nash and Lululemon Collection at Shop.lululemon.com,2025-04-13
https://dealspotr.com/promo-codes/onlyhearts.com,Get $15 Off (Site-wide) at Onlyhearts.com,Gemini error,Get $15 Off (Site-wide) at Onlyhearts.com,2025-04-13
https://dealspotr.com/promo-codes/mattecollection.com,Get an Extra 20% Off In Swimwear at Mattecollection.com,Gemini error,Get an Extra 20% Off In Swimwear at Mattecollection.com,2025-04-13
https://dealspotr.com/promo-codes/savethegirls.com,Get an Extra 20% Off (Sitewide) at Savethegirls.com,Gemini error,Get an Extra 20% Off (Sitewide) at Savethegirls.com,2025-04-13
https://dealspotr.com/promo-codes/mahoganymommies.com,Get 15% Off (Site-wide) at Mahoganymommies.com,Gemini error,Get 15% Off (Site-wide) at Mahoganymommies.com,2025-04-13
https://dealspotr.com/promo-codes/bootbarn.com,Get 10% Off $200+ Select Products at Bootbarn.com,Gemini error,Get 10% Off $200+ Select Products at Bootbarn.com,2025-04-13
https://dealspotr.com/promo-codes/rastaimposta.com,Extra 20% Off Store-wide at Rastaimposta.com,Gemini error,Extra 20% Off Store-wide at Rastaimposta.com,2025-04-13
https://dealspotr.com/promo-codes/vessi.com,Get an Extra 15% Off (Sitewide) at Vessi.com,Gemini error,Get an Extra 15% Off (Sitewide) at Vessi.com,2025-04-13
https://dealspotr.com/promo-codes/drakewaterfowl.com,Get 35% Off (Site-wide) at Drakewaterfowl.com,Gemini error,Get 35% Off (Site-wide) at Drakewaterfowl.com,2025-04-13
https://dealspotr.com/promo-codes/us.ecco.com,Save 15% Off Select Products at Us.ecco.com,Gemini error,Save 15% Off Select Products at Us.ecco.com,2025-04-13
https://dealspotr.com/promo-codes/ridgefootwear.com,Save 20% Off (Sitewide) at Ridgefootwear.com,Gemini error,Save 20% Off (Sitewide) at Ridgefootwear.com,2025-04-13
https://dealspotr.com/promo-codes/thredup.com,50% Off (Sitewide) at Thredup.com,Gemini error,50% Off (Sitewide) at Thredup.com,2025-04-13
https://dealspotr.com/promo-codes/dreamiere.com,30% Off Easter Collection at Dreamiere.com,Gemini error,30% Off Easter Collection at Dreamiere.com,2025-04-13
https://dealspotr.com/promo-codes/leonisa.com,Save 10% Off (Site-wide),Gemini error,Save 10% Off (Site-wide),2025-04-13
https://dealspotr.com/promo-codes/classicwhimsy.com,Free Shipping on Select Items at Classicwhimsy.com,Gemini error,Free Shipping on Select Items at Classicwhimsy.com,2025-04-13
https://dealspotr.com/promo-codes/littlewordsproject.com,Save 15% Off Select Items at Little Words Project,Gemini error,Save 15% Off Select Items at Little Words Project,2025-04-13
https://dealspotr.com/promo-codes/lalagebeaumont.com,10% Off (Site-wide) at Lalagebeaumont.com,Gemini error,10% Off (Site-wide) at Lalagebeaumont.com,2025-04-13
https://dealspotr.com/promo-codes/weldernation.com,Save 10% Off (Sitewide) at Weldernation.com,Gemini error,Save 10% Off (Sitewide) at Weldernation.com,2025-04-13
https://dealspotr.com/promo-codes/overlookboots.com,Get $15 Off $150+ (Sitewide) (Must Buy Minimum Purchase: $150) at Overlookboots.com,Gemini error,Get $15 Off $150+ (Sitewide) (Must Buy Minimum Purchase: $150) at Overlookboots.com,2025-04-13
https://dealspotr.com/promo-codes/techwear-x.com,25% Off (Sitewide) at Techwear-x.com,Gemini error,25% Off (Sitewide) at Techwear-x.com,2025-04-13
https://dealspotr.com/promo-codes/addisonbay.com,Save 15% Off (Site-wide) at Addisonbay.com,Gemini error,Save 15% Off (Site-wide) at Addisonbay.com,2025-04-13
https://dealspotr.com/promo-codes/vuoriclothing.com,20% Off (Site-wide) at Vuoriclothing.com,Gemini error,20% Off (Site-wide) at Vuoriclothing.com,2025-04-13
https://dealspotr.com/promo-codes/shirtmax.com,15% Off $249 or More Store-wide at Shirtmax.com,Gemini error,15% Off $249 or More Store-wide at Shirtmax.com,2025-04-13
https://dealspotr.com/promo-codes/bearbottomclothing.com,Save 10% Off Select Items at Bearbottom Clothing,Gemini error,Save 10% Off Select Items at Bearbottom Clothing,2025-04-13
https://dealspotr.com/promo-codes/tommybahama.com,Save 15% Off (Sitewide) at Tommybahama.com,Gemini error,Save 15% Off (Sitewide) at Tommybahama.com,2025-04-13
https://dealspotr.com/promo-codes/clearweatherbrand.com,Get 10% Off $150 or More Store-wide at Clearweatherbrand.com,Gemini error,Get 10% Off $150 or More Store-wide at Clearweatherbrand.com,2025-04-13
https://dealspotr.com/promo-codes/wayofwade.com,Get $20 Off Select Products at Wayofwade.com,Gemini error,Get $20 Off Select Products at Wayofwade.com,2025-04-13
https://dealspotr.com/promo-codes/blondgenius.com,Extra 10% Off (site-wide),Gemini error,Extra 10% Off (site-wide),2025-04-13
https://dealspotr.com/promo-codes/firstlite.com,Get 10% Off Store-wide at Firstlite.com,Gemini error,Get 10% Off Store-wide at Firstlite.com,2025-04-13
https://dealspotr.com/promo-codes/cuyana.com,10% Off (Sitewide) at Cuyana.com,Gemini error,10% Off (Sitewide) at Cuyana.com,2025-04-13
https://dealspotr.com/promo-codes/angara.com,Free Gift on (Site-wide) at Angara.com,Gemini error,Free Gift on (Site-wide) at Angara.com,2025-04-13
https://dealspotr.com/promo-codes/holywaterbracelet.com,Up to 10% Off (sitewide) at Holywaterbracelet.com,Gemini error,Up to 10% Off (sitewide) at Holywaterbracelet.com,2025-04-13
https://dealspotr.com/promo-codes/poshmark.com,Get $10 Off Select Items,Gemini error,Get $10 Off Select Items,2025-04-13
https://dealspotr.com/promo-codes/runningwarehouse.com,Get 10% Off Nike Vaporfly Next,Gemini error,Get 10% Off Nike Vaporfly Next,2025-04-13
https://dealspotr.com/promo-codes/junioredition.com,Get 10% Off Select Products at Junioredition.com,Gemini error,Get 10% Off Select Products at Junioredition.com,2025-04-13
https://dealspotr.com/promo-codes/hellomerch.com,Buy Two Get One Free on Vynils,Gemini error,Buy Two Get One Free on Vynils,2025-04-13
https://dealspotr.com/promo-codes/80eighty.com,Free Shipping on (Sitewide) at 80eighty.com,Gemini error,Free Shipping on (Sitewide) at 80eighty.com,2025-04-13
https://dealspotr.com/promo-codes/zappos.com,Get 10% Off Shop Shoes and More. Exclusions: Exclusions Apply.,Gemini error,Get 10% Off Shop Shoes and More. Exclusions: Exclusions Apply.,2025-04-13
https://dealspotr.com/promo-codes/shop.angel.com,Save 20% Off Easter Sale 2025 at Angel Studios,Gemini error,Save 20% Off Easter Sale 2025 at Angel Studios,2025-04-13
https://dealspotr.com/promo-codes/us.pandora.net,Save 10% Off $130+ (Sitewide),Gemini error,Save 10% Off $130+ (Sitewide),2025-04-13
https://dealspotr.com/promo-codes/kizik.com,Extra 15% Off (Sitewide) at Kizik.com,Gemini error,Extra 15% Off (Sitewide) at Kizik.com,2025-04-13
https://dealspotr.com/promo-codes/coldwatercreek.com,Save 20% Off (Site-wide) at Coldwatercreek.com,Gemini error,Save 20% Off (Site-wide) at Coldwatercreek.com,2025-04-13
https://dealspotr.com/promo-codes/azazie.com,Save 10% Off $100+ Dresses. Must Be Member.,Gemini error,Save 10% Off $100+ Dresses. Must Be Member.,2025-04-13
https://dealspotr.com/promo-codes/aminahabduljillil.com,Get an Extra 10% Off Select Items,Gemini error,Get an Extra 10% Off Select Items,2025-04-13
https://dealspotr.com/promo-codes/theory.com,Up To 15% Off (Site-wide). Only With Theory's Mobile App.,Gemini error,Up To 15% Off (Site-wide). Only With Theory's Mobile App.,2025-04-13
https://dealspotr.com/promo-codes/rebelathletic.com,Extra 10% Off (Sitewide),Gemini error,Extra 10% Off (Sitewide),2025-04-13
https://dealspotr.com/promo-codes/goldstandardapproved.com,Save 20% Off (Site-wide) at Goldstandardapproved.com,Gemini error,Save 20% Off (Site-wide) at Goldstandardapproved.com,2025-04-13
https://dealspotr.com/promo-codes/jdsports.com,Get $10 Off Orders $100+ Select Styles. Exclusions: Use Vpn.,Gemini error,Get $10 Off Orders $100+ Select Styles. Exclusions: Use Vpn.,2025-04-13
https://dealspotr.com/promo-codes/ginghamandheels.com,Get 10% Off Store-wide at Ginghamandheels.com,Gemini error,Get 10% Off Store-wide at Ginghamandheels.com,2025-04-13
https://dealspotr.com/promo-codes/hollowsocks.com,Save 40% Off (site-wide) at Hollow Socks,Gemini error,Save 40% Off (site-wide) at Hollow Socks,2025-04-13
https://dealspotr.com/promo-codes/gant.com,Save 10% Off Store-wide. Exclusions: Uk Country.,Gemini error,Save 10% Off Store-wide. Exclusions: Uk Country.,2025-04-13
https://dealspotr.com/promo-codes/footlocker.com,Get 15% Off Jordan Air Jordan 4 Rm Prm Nas,Gemini error,Get 15% Off Jordan Air Jordan 4 Rm Prm Nas,2025-04-13
https://dealspotr.com/promo-codes/swaddelini.com,Up To 20% Off Select Products at Swaddelini.com,Gemini error,Up To 20% Off Select Products at Swaddelini.com,2025-04-13
https://dealspotr.com/promo-codes/aerosoles.com,Save 15% Off Select Items,Gemini error,Save 15% Off Select Items,2025-04-13
https://dealspotr.com/promo-codes/thekriptstore.com,Get an Extra 15% Off Store-wide at Thekriptstore.com,Gemini error,Get an Extra 15% Off Store-wide at Thekriptstore.com,2025-04-13
https://dealspotr.com/promo-codes/drippycustom.com,Get 10% Off Store-wide at Drippycustom.com,Gemini error,Get 10% Off Store-wide at Drippycustom.com,2025-04-13
https://dealspotr.com/promo-codes/tracksmith.com,Save 20% Off (Site-wide) at Tracksmith.com,Gemini error,Save 20% Off (Site-wide) at Tracksmith.com,2025-04-13
https://dealspotr.com/promo-codes/wydrstudios.com,Get $10 Off Store-wide at Wydrstudios.com,Gemini error,Get $10 Off Store-wide at Wydrstudios.com,2025-04-13
https://dealspotr.com/promo-codes/binkybelle.com-en-us,Get 20% Off (Sitewide) at Binkybelle.com/en-us,Gemini error,Get 20% Off (Sitewide) at Binkybelle.com/en-us,2025-04-13
https://dealspotr.com/promo-codes/hypland.com,Sale on Sale Items at Hypland,Gemini error,Sale on Sale Items at Hypland,2025-04-13
https://dealspotr.com/promo-codes/primeneckwear.com,Save 25% Off $99 or More (Sitewide) at Prime Neckwear,Gemini error,Save 25% Off $99 or More (Sitewide) at Prime Neckwear,2025-04-13
https://dealspotr.com/promo-codes/lowaboots.com,Save 20% Off Store-wide at Lowa Boots,Gemini error,Save 20% Off Store-wide at Lowa Boots,2025-04-13
https://dealspotr.com/promo-codes/sparrowbride.com,Save 10% Off (Site-wide) at Sparrowbride.com,Gemini error,Save 10% Off (Site-wide) at Sparrowbride.com,2025-04-13
https://dealspotr.com/promo-codes/wayfindercarry.com,Up To 15% Off (Sitewide) at Wayfindercarry.com,Gemini error,Up To 15% Off (Sitewide) at Wayfindercarry.com,2025-04-13
https://dealspotr.com/promo-codes/revtownusa.com,Extra 10% Off $150 or More (Sitewide) at Revtownusa.com,Gemini error,Extra 10% Off $150 or More (Sitewide) at Revtownusa.com,2025-04-13
https://dealspotr.com/promo-codes/dtlr.com,Save 20% Off El Codigo Esta Bueno No Invalide)busque El Producto o Suba La Misma Foto,Gemini error,Save 20% Off El Codigo Esta Bueno No Invalide)busque El Producto o Suba La Misma Foto,2025-04-13
https://dealspotr.com/promo-codes/uniqlo.com,Get $10 Off $99 or More (sitewide),Gemini error,Get $10 Off $99 or More (sitewide),2025-04-13
https://dealspotr.com/promo-codes/tecovas.com,Save 15% Off (Sitewide) at Tecovas.com,Gemini error,Save 15% Off (Sitewide) at Tecovas.com,2025-04-13
https://dealspotr.com/promo-codes/nn07.com,Get Extra 10 Percent off on Select Products at Nn07.com,Gemini error,Get Extra 10 Percent off on Select Products at Nn07.com,2025-04-13
https://dealspotr.com/promo-codes/mamoriginals.com,Get 20% Off Store-wide at Mamoriginals.com,Gemini error,Get 20% Off Store-wide at Mamoriginals.com,2025-04-13
https://dealspotr.com/promo-codes/ara-shoes.net,Extra 10% Off (Site-wide),Gemini error,Extra 10% Off (Site-wide),2025-04-13
https://dealspotr.com/promo-codes/darkacademias.com,10% Off (Site-wide) at DarkAcademias,Gemini error,10% Off (Site-wide) at DarkAcademias,2025-04-13
https://dealspotr.com/promo-codes/thefrankieshop.com,20% Off Store-wide at Thefrankieshop.com,Gemini error,20% Off Store-wide at Thefrankieshop.com,2025-04-13
https://dealspotr.com/promo-codes/lionlatch.com,Extra 20% Off Latches,Gemini error,Extra 20% Off Latches,2025-04-13
https://dealspotr.com/promo-codes/xdress.com,Save 20% Off Sale Items,Gemini error,Save 20% Off Sale Items,2025-04-13
https://dealspotr.com/promo-codes/littletrouble.com,Get an Extra 15% Off (Sitewide) at Littletrouble.com,Gemini error,Get an Extra 15% Off (Sitewide) at Littletrouble.com,2025-04-13
https://dealspotr.com/promo-codes/ssense.com,Save 25% Off Ss25 Event at Ssense.com,Gemini error,Save 25% Off Ss25 Event at Ssense.com,2025-04-13
https://dealspotr.com/promo-codes/mygreekboutique.co,Bogo on (Site-wide) at Mygreekboutique.co,Gemini error,Bogo on (Site-wide) at Mygreekboutique.co,2025-04-13
https://dealspotr.com/promo-codes/us.maje.com,Up to 20% Off (site-wide) at Us.maje.com,Gemini error,Up to 20% Off (site-wide) at Us.maje.com,2025-04-13
https://dealspotr.com/promo-codes/tedbaker.us,Extra 20% Off Store-wide at Ted Baker,Gemini error,Extra 20% Off Store-wide at Ted Baker,2025-04-13
https://dealspotr.com/promo-codes/stadiumgoods.com-en-us,Free Shipping on Orders $350+ (Site-wide) at Stadiumgoods.com/en-us,Gemini error,Free Shipping on Orders $350+ (Site-wide) at Stadiumgoods.com/en-us,2025-04-13
https://dealspotr.com/promo-codes/harmony783.com,Save 30% Off Select Items. Exclusions: Pam's Pick of the Week. at Harmony783.com,Gemini error,Save 30% Off Select Items. Exclusions: Pam's Pick of the Week. at Harmony783.com,2025-04-13
https://dealspotr.com/promo-codes/thepost.shop,Get 20% Off (Sitewide) at Thepost.shop,Gemini error,Get 20% Off (Sitewide) at Thepost.shop,2025-04-13
https://dealspotr.com/promo-codes/eberjey.com,Extra 10% Off (Sitewide) at Eberjey.com,Gemini error,Extra 10% Off (Sitewide) at Eberjey.com,2025-04-13
https://dealspotr.com/promo-codes/brownthomas.com,Get an Extra 10% Off Select Products. Exclusions: No Restrictions.,Gemini error,Get an Extra 10% Off Select Products. Exclusions: No Restrictions.,2025-04-13
https://dealspotr.com/promo-codes/rsvlts.com,Save 10% Off (Site-wide) at Rsvlts.com,Gemini error,Save 10% Off (Site-wide) at Rsvlts.com,2025-04-13
https://dealspotr.com/promo-codes/bardot.com,Get $20 Off $20+ Your First Purchase (Full-priced Items Only) at Bardot.com,Gemini error,Get $20 Off $20+ Your First Purchase (Full-priced Items Only) at Bardot.com,2025-04-13
https://dealspotr.com/promo-codes/etnies.com,Get an Extra 10% Off Store-wide at Etnies,Gemini error,Get an Extra 10% Off Store-wide at Etnies,2025-04-13
https://dealspotr.com/promo-codes/kaanas.com,Get 20% Off Store-wide,Gemini error,Get 20% Off Store-wide,2025-04-13
https://dealspotr.com/promo-codes/adanola.com,10% Off (Site-wide) at Adanola.com,Gemini error,10% Off (Site-wide) at Adanola.com,2025-04-13
https://dealspotr.com/promo-codes/luckybrand.com,Save 50% Off Store-wide,Gemini error,Save 50% Off Store-wide,2025-04-13
https://dealspotr.com/promo-codes/buttercloth.com,Save 15% Off Store-wide,Gemini error,Save 15% Off Store-wide,2025-04-13
https://dealspotr.com/promo-codes/lumberlegs.com,Get an Extra 10% Off (Site-wide) at Lumberlegs.com,Gemini error,Get an Extra 10% Off (Site-wide) at Lumberlegs.com,2025-04-13
https://dealspotr.com/promo-codes/flyingpigmarathon.com,Get 10% Off Select Flying Pig Marathon Weekend at Flying Pig Marathon,Gemini error,Get 10% Off Select Flying Pig Marathon Weekend at Flying Pig Marathon,2025-04-13
https://dealspotr.com/promo-codes/folkclothing.com,Get an Extra 10% Off Store-wide at Folkclothing.com,Gemini error,Get an Extra 10% Off Store-wide at Folkclothing.com,2025-04-13
https://dealspotr.com/promo-codes/athleta.gap.com,Save 20% Off Store-wide at Athleta.gap.com,Gemini error,Save 20% Off Store-wide at Athleta.gap.com,2025-04-13
https://dealspotr.com/promo-codes/giordano-me.com,Extra 15% Off (Site-wide) at Giordano-me.com,Gemini error,Extra 15% Off (Site-wide) at Giordano-me.com,2025-04-13
https://dealspotr.com/promo-codes/perfecttux.com,Up To 20% Off Select Items,Gemini error,Up To 20% Off Select Items,2025-04-13
https://dealspotr.com/promo-codes/saksoff5th.com,Extra 10% Off $100 or More (site-wide). Only With Saks Off 5th's Mobile App. at Saksoff5th.com,Gemini error,Extra 10% Off $100 or More (site-wide). Only With Saks Off 5th's Mobile App. at Saksoff5th.com,2025-04-13
https://dealspotr.com/promo-codes/malibustrings.com,Get 10% Off Live and Be Free (Must Buy Minimum 100 Usd or 15 Percent off 200 Usd or 20 Percent off 300 Usd) at Malibustrings.com,Gemini error,Get 10% Off Live and Be Free (Must Buy Minimum 100 Usd or 15 Percent off 200 Usd or 20 Percent off 300 Usd) at Malibustrings.com,2025-04-13
https://dealspotr.com/promo-codes/wearebraindead.com,Extra 20% Off (Site-wide) at Brain Dead,Gemini error,Extra 20% Off (Site-wide) at Brain Dead,2025-04-13
https://dealspotr.com/promo-codes/cleoharper.co,Free Shipping on (site-wide),Gemini error,Free Shipping on (site-wide),2025-04-13
https://dealspotr.com/promo-codes/windupwatchshop.com,Up To 15% Off Watches,Gemini error,Up To 15% Off Watches,2025-04-13
https://dealspotr.com/promo-codes/tjmaxx.tjx.com,Free Shipping on $89 or More (Sitewide) (Min Order: Minimum Purchase: $89),Gemini error,Free Shipping on $89 or More (Sitewide) (Min Order: Minimum Purchase: $89),2025-04-13
https://dealspotr.com/promo-codes/ray-ban.com-usa,Get an Extra 15% Off (Sitewide),Gemini error,Get an Extra 15% Off (Sitewide),2025-04-13
https://dealspotr.com/promo-codes/scanlantheodore.com-us,Free Shipping on (Site-wide) at Scanlantheodore.com/us,Gemini error,Free Shipping on (Site-wide) at Scanlantheodore.com/us,2025-04-13
https://dealspotr.com/promo-codes/soma.com,Free Gift on (Sitewide) at Soma.com,Gemini error,Free Gift on (Sitewide) at Soma.com,2025-04-13
https://dealspotr.com/promo-codes/bogeybros.co,Save 15% Off (Sitewide) at Bogeybros.co,Gemini error,Save 15% Off (Sitewide) at Bogeybros.co,2025-04-13
https://dealspotr.com/promo-codes/estellabartlett.com,Get an Extra 10% Off (Site-wide) at Estellabartlett.com,Gemini error,Get an Extra 10% Off (Site-wide) at Estellabartlett.com,2025-04-13
